2637	28	20241112	102s	8vIWZzd8h1o	Official Movie Trailer - For His Name Sake
129	2	20241229	56s	1jQ7AvDNqv8	For His Name Sake:  Audience Reactions
4509	8	20240927	43s	AEirrCat_QU	Movie Clip - For His Name Sake
919	3	20240926	39s	9TxxPVYq_WA	Movie Clip- For His Name Sake (Robert in the Garage)
601	5	20240918	32s	vFP0XYLIdcA	Movie Clip - For His Name Sake - Robert & Claire in the Hospital
416	3	20241014	62s	1DAtQESDu1Q	Movie Premiere in Toronto, Canada
74	2	20250415	2782s	zdMKAcQI7gA	Atlanta Movie Screening Live Stream
34	1	20241103	410s	w_48PyTVlYE	Promoting Movie Premiere in Orlando, Florida
200	6	20250204	29s	yXvlhcWOnsk	Movie Screening Recap | Oakwood University Church
37	2	20250204	39s	95cI0iIVjKw	Red Carpet Live with Just Jill
284	3	20250111	601s	IdQSaG7z_mI	Movie Director, Kevin Cameron interviewed by Pastor Debleaire Snell
964	14	20240329	3190s	-mA-tP2EUSs	The Calling Documentary
237	5	20240318	146s	jfX8hY5gK7U	The OFFICIAL Trailer of THE CALLING Documentary
240	4	20250216	439s	CzTuzd587kA	Movie Dinner Scene: Forever's a Long Time
377	3	20230420	65s	nuz-nmlUk8Y	Forever's a Long Time Official Scene Trailer
65	1	20210126	121s	JpocmgrOVGs	"The Watkins" Trailer version 1.mov
70	3	20220215	346s	KLYbZ3yOYIQ	Young Black Man Gets Shot by Cleveland Police
203	2	20211031	163s	GkWxXyV20-k	NAPRIM Naturals Documentary Part I
34	NA	20211026	30s	wze3ESU2B3o	Documentary Trailer
58	2	20210126	232s	B4yUVLG1Ix0	Murtis Taylor My Story....mov
22	NA	20210126	380s	0AS-zGtLDJ0	Murtis Taylor Annual Event 2012
97	3	20250317	24s	mOw72z-4A2E	Beard Oil Commercial
75	1	20250317	29s	XmLwKS2BItw	Get More Commercial
52	4	20211102	45s	I9xRk5CWwEI	Google My Business
35	2	20210917	20s	db-XmI1_VqA	Hair Products that will Save your Life
4879	131	20230722	208s	g3FCgWIlzM8	Anthony Brown - I Got That! #anthonybrown #igotthat #gospelmusic #musicvideo
114	8	20231029	660s	QoSsvV1kE0o	My Wife's Birthday Vlog
30	1	20260313	199s	Lf6fgoRbiMc	Spring break in Miami with my family
